<?xml version="1.0" encoding="UTF-8" ?>
<!DOCTYPE mapper
        PUBLIC "-//mybatis.org//DTD Mapper 3.0//EN"
        "https://mybatis.org/dtd/mybatis-3-mapper.dtd">

<mapper namespace="com.team_soop.soop.repository.ReportMapper">





    <insert id="saveReport" parameterType="com.team_soop.soop.entity.Report">
        insert into report_tb
        values(0, #{menuCategoryId}, #{boardId} ,#{reportCategories}, #{reportContent}, #{userId}, now())
    </insert>



    <select id="searchReportList" resultType="com.team_soop.soop.entity.Report">
        select
            rt.report_id as reportId,
            rt.menu_category_id as menuCategoryId,
            rt.report_board_id as boardId,
            rt.report_category as reportCategories,
            rt.report_content as reportContent,
            rt.user_id as userId,
            ut.username as userName,
            ut.nickname as nickName,
            ut.name,
            rt.create_date as createDate
        from
            report_tb rt
            left outer join user_tb ut on (ut.user_id = rt.user_id )
        where
            1 = 1
            <if test="menuCategoryId != 0">
                and menu_category_id = #{menuCategoryId}
            </if>
    </select>

    <select id="searchReportListUser" resultType="com.team_soop.soop.entity.Report">
        select
            rt.report_id as reportId,
            rt.menu_category_id as menuCategoryId,
            rt.report_board_id as boardId,
            rt.report_category as reportCategories,
            rt.report_content as reportContent,
            rt.user_id as userId,
            ut.username as userName,
            ut.nickname as nickName,
            ut.name,
            rt.create_date as createDate
        from
            report_tb rt
            left outer join user_tb ut on (ut.user_id = rt.user_id )
        where
            rt.user_id = #{userId}
        and rt.menu_category_id = #{menuCategoryId}
        and rt.report_board_id = #{boardId}
    </select>

    <select id="searchReportCompleted" resultType="com.team_soop.soop.entity.Report">
        select
            rt.report_id as reportId,
            rt.menu_category_id as menuCategoryId,
            rt.report_board_id as boardId,
            rt.report_category as reportCategories,
            rt.report_content as reportContent,
            rt.user_id as userId,
            ut.username as userName,
            ut.nickname as nickName,
            ut.name,
            rt.create_date as createDate
        from
            report_tb rt
            left outer join user_tb ut on ( ut.user_id = rt.user_id )
        where
            rt.menu_category_id = #{menuCategoryId}
        and rt.report_board_id = #{boardId}
    </select>

    <delete id="deleteReport" parameterType="com.team_soop.soop.entity.Report">
        delete
        form
            report_tb rt
        where
        <foreach collection="completedReports" item="report" separator="and">
            rt.menu_category_id = #{menuCategoryId}
        </foreach>
        <foreach collection="completedReports" item="report" separator="">
            rt.report_board_id = #{boardId}
        </foreach>
    </delete>


</mapper>