<?xml version="1.0" encoding="UTF-8" ?>
<!DOCTYPE mapper
        PUBLIC "-//mybatis.org//DTD Mapper 3.0//EN"
        "https://mybatis.org/dtd/mybatis-3-mapper.dtd">

<mapper namespace="com.team_soop.soop.repository.StudyMapper">
    <resultMap id="studyCategoryResultMap" type="com.team_soop.soop.entity.StudyCategory">
        <id property="studyCategoryId" column="study_category_id" />
        <result property="studyCategoryName" column="study_category_name" />
    </resultMap>

    <resultMap id="UserResultMap" type="com.team_soop.soop.entity.User">
        <id property="userId" column="user_id" />
        <result property="nickname" column="nickname"/>
        <result property="profileImgUrl" column="profile_img_url" />
    </resultMap>

    <resultMap id="StudyGroupResultMap" type="com.team_soop.soop.entity.StudyGroup">
        <id property="studyId" column="study_id" />
        <result property="managerUserId" column="manager_user_id" />
        <result property="studyTitle" column="study_title" />
        <result property="studyContent" column="study_content" />
        <result property="studySkills" column="study_skills" />
        <result property="studyPeriodEnd" column="study_period_end" />
        <result property="contentCreateTime" column="content_create_time" />
        <result property="studyMemberLimited" column="study_member_limited" />
        <result property="memberCount" column="member_count" />
        <result property="timeCount" column="time_count" />
        <result property="waitingMemberCount" column="waiting_member_count" />
        <association property="user" resultMap="UserResultMap" />
    </resultMap>

    <resultMap id="WaitingMemberResultMap" type="com.team_soop.soop.entity.WaitingMember">
        <id property="waitingId" column="waiting_id" />
        <result property="studyId" column="study_id" />
        <result property="userId" column="user_id" />
        <result property="applyMessage" column="apply_message" />
        <result property="createDate" column="create_date" />
        <association property="user" resultMap="UserResultMap"/>
    </resultMap>

    <resultMap id="recruitmentResultMap" type="com.team_soop.soop.entity.RecruitmentMember">
        <id property="recruitmentId" column="study_recruitment_id" />
        <result property="studyId" column="study_id" />
        <result property="userId" column="user_id" />
        <result property="createDate" column="create_date" />
        <association property="user" resultMap="UserResultMap"/>
    </resultMap>

    <select id="searchStudyCategories" resultMap="studyCategoryResultMap">
        select
            study_category_id,
            study_category_name
        from
            study_category_tb
    </select>

    <insert id="saveStudyGroup" parameterType="com.team_soop.soop.entity.StudyGroup">
        insert into study_tb
        values (0, 2, #{managerUserId}, #{studyTitle}, #{studyContent}, #{studySkills}, #{studyMemberLimited}, #{studyPeriodEnd}, now(), now())
    </insert>

    <select id="searchStudyGroupList" resultMap="StudyGroupResultMap" >
        select
            st.study_id,
            ut.user_id,
            ut.nickname,
            st.study_title,
            st.study_period_end,
            st.study_skills,
            st.study_member_limited,
            count(srt.user_id) as member_count,
            TIMESTAMPDIFF(MINUTE, st.study_period_end, now()) as time_count
        from
            study_tb st
            left outer join user_tb ut on (ut.user_id = st.manager_user_id)
            left outer join study_recruitment_tb srt on (srt.study_id = st.study_id)
        group by
            st.study_id;
    </select>
    
    <select id="searchStudyGroup" resultMap="StudyGroupResultMap" parameterType="int">
        select
            st.study_id,
            st.manager_user_id,
            st.study_title,
            st.study_content,
            st.study_skills,
            count(srt.user_id) as member_count,
            st.study_member_limited,
            st.study_period_end,
            st.create_date as content_create_time,
            ut.nickname,
            ut.profile_img_url,
            TIMESTAMPDIFF(MINUTE, study_period_end, now()) as time_count,
            (select
                count(*)
            from
                study_waiting_member_tb
            where
                study_id = #{studyId}) as waiting_member_count
        from
            study_tb st
            left outer join user_tb ut on (ut.user_id = st.manager_user_id)
            left outer join study_recruitment_tb srt on (srt.study_id = st.study_id)
        where
         st.study_id = #{studyId}
    </select>

    <update id="updateStudyGroup" parameterType="com.team_soop.soop.entity.StudyGroup" >
        update
            study_tb
        set
            study_title = #{studyTitle},
            study_content = #{studyContent},
            study_skills = #{studySkills},
            study_period_end = #{studyPeriodEnd},
            study_member_limited = #{studyMemberLimited},
            update_date = now()
        where
            study_id = #{studyId}
    </update>

    <delete id="deleteStudyGroup" parameterType="int">
        delete
        from
            study_tb
        where
            study_id = #{studyId}
    </delete>

    <select id="searchWaitingMember" resultMap="WaitingMemberResultMap" parameterType="int">
        select
            swmt.waiting_id,
            swmt.study_id,
            swmt.user_id,
            ut.nickname,
            swmt.apply_message,
            swmt.create_date,
            ut.profile_img_url
        from
            study_waiting_member_tb swmt
            left outer join user_tb ut on (ut.user_id = swmt.user_id)
        where
            swmt.study_id = ${studyId}
            and swmt.apply_state = 'wait'
    </select>

    <select id="searchRecruitmentMember" resultMap="recruitmentResultMap" parameterType="int">
        select
            srt.study_recruitment_id,
            srt.study_id,
            srt.user_id,
            ut.nickname,
            ut.profile_img_url,
            srt.create_date
        from
            study_recruitment_tb srt
            left outer join user_tb ut on (ut.user_id = srt.user_id)
        where
            study_id = ${studyId}
    </select>

    <insert id="saveWaitingMember" parameterType="com.team_soop.soop.entity.WaitingMember">
        insert into
            study_waiting_member_tb (waiting_id, study_id, user_id, apply_message, apply_state, create_date)
        values
            (0, #{studyId}, #{userId}, #{applyMessage}, 'wait', now())
    </insert>

    <update id="admissionWaitingMember" parameterType="int">
        update
            study_waiting_member_tb
        set
            apply_state = 'admission',
            apply_date = now()
        where
            waiting_id = ${waitingId}
    </update>

    <update id="refuseWaitingMember" parameterType="int">
        update
            study_waiting_member_tb
        set
            apply_state = 'refuse',
            apply_date = now()
        where
            waiting_id = ${waitingId}
    </update>

    <insert id="saveRecruitmentMember" parameterType="com.team_soop.soop.entity.WaitingMember">
        insert into
            study_recruitment_tb
        values
            (0, #{studyId}, #{userId}, now())
    </insert>

    <delete id="deleteRecruitmentMember" parameterType="int">
        delete
        from
            study_recruitment_tb
        where
            study_recruitment_id = #{recruitmentId}
    </delete>

</mapper>